"Name","Email","DOB","Address","Country"
"Harvey","francescaellis@teleworm.us","2022-12-06","Francesca Ellis
77 Duckpit Lanesdf
UPPER TOWN
BS18 2UD
","UK"
"Tanay","tanaykumar@gmail.com","2018-06-30","	No. 118-119, 8th B Main Rd, Jayanagar 4th Block","India"
"Bob","bob@me.com","2022-12-07","27 Vincent Avenue Bakersfield,ca, 93304 United States","usa"
"Samuel","samuel@gma.com","2022-12-08","27 Vincent Avenue Bakersfield,ca, 93304 United States","India"
"Paul","paul@me.com","2008-02-29","Cannon Shed Rd, Marine Drive","India"
"rafikkad","admin@admin.com","2022-12-07","27 Vincent Avenue Bakersfield,ca, 93304 United States","Usdklfj"
"pranav","estoreadmin@gmail.com","2021-02-28","27 Vincent Avenue Bakersfield,ca, 93304 United States","India"
"rafi","admind@cap.com","2022-12-02","27 Vincent Avenue Bakersfield,ca, 93304 United States","UK"